Formula,Variables,Filtered Variables
"[Eq(x, 1/2 - 7*i/2), Eq(i, 1/7 - 2*x/7)]","Eq, x, i","x, i"
3*x - 5 > -1*2*(x - 10),x,x
"[Eq(x, -2), Eq(x, 5)]","Eq, x",x
1000 + 9125,,
(36*a**12*b**7)/((54*a**8*b**11)),"b, a","b, a"
(3*a)/(a**2 + a*b) - (5*a - 1*3*b**2)/(a**2 - b**2),"a, b","a, b"
1/(1 + sqrt(2)),sqrt,
"[Eq(x, 2), Eq(x, 3)]","Eq, x",x
"[Eq(x, 0), Eq(x, pi/2)]","Eq, x, pi",x
"[Eq(x, 8)]","Eq, x",x
"[Eq(x, 4)]","Eq, x",x
"[Eq(x, -7/2)]","Eq, x",x
"[Eq(x, 4)]","Eq, x",x
"[Eq(x, 14)]","Eq, x",x
"[Eq(x, 1/2 - 7*i/2), Eq(i, 1/7 - 2*x/7)]","Eq, x, i","x, i"
"[Eq(y, 5 - 2*x), Eq(x, 5/2 - y/2)]","Eq, x, y","x, y"
"[Eq(x, 2*y/3 + 1/3), Eq(y, 3*x/2 - 1/2)]","Eq, x, y","x, y"
"[Eq(x, 2)]","Eq, x",x
"[Eq(x, 1), Eq(x, 2)]","Eq, x",x
"[Eq(c, -a*d/b + E*d/f), Eq(b, -a*d*f/(c*f - E*d)), Eq(f, E*b*d/(a*d + b*c)), Eq(a, -b*c/d + E*b/f), Eq(d, -b*c*f/(a*f - E*b))]","Eq, b, a, d, f, E, c","b, a, d, f, E, c"
"Eq(sqrt(16), 4)","Eq, sqrt",
"Integral(x**2, (x, 0, 1))","x, Integral",x
"[Eq(n, -sqrt(8*Sum(i, (i, 1, n)) + 1)/2 - 1/2), Eq(n, sqrt(8*Sum(i, (i, 1, n)) + 1)/2 - 1/2)]","Eq, i, n, sqrt, Sum","i, n"
"[Eq(i, I)]","Eq, I, i","I, i"
a*m,"a, m","a, m"
a = b*2*C2,"a, b, C2","a, b, C2"
,,
