Original LaTeX->l2s2,latex2sympy->l2s2,l2l->l2s2,Simplified Expression->sympy,Solutions->sympy,Simplified preview->sympy,soluiton preview->sympy
3x-5>-2(x-10),3*x - 5 > -1*2*(x - 10),x > 5,x > 5,(5 < x) & (x < oo),,
x^2 - 3x - 10 = 0,"[Eq(x, -2), Eq(x, 5)]","[ x = -2, \  x = 5]","[Eq(x, -2), Eq(x, 5)]",[],,
9125 + 1000,1000 + 9125,10125,10125,[],,
\frac{36 a^{12} b^7}{54 a^8 b^{11}},(36*a**12*b**7)/((54*a**8*b**11)),\frac{2 a^{4}}{3 b^{4}},2*a**4/(3*b**4),[],,
\frac{3 a}{a^2+a b}-\frac{5 a-3 b^2}{a^2-b^2},(3*a)/(a**2 + a*b) - (5*a - 1*3*b**2)/(a**2 - b**2),\frac{- 2 a + 3 b^{2} - 3 b}{a^{2} - b^{2}},(-2*a + 3*b**2 - 3*b)/(a**2 - b**2),[],,
1/(1+\sqrt{2}),1/(1 + sqrt(2)),-1 + \sqrt{2},-1 + sqrt(2),[],,
x^2 - 5x + 6 = 0,"[Eq(x, 2), Eq(x, 3)]","[ x = 2, \  x = 3]","[Eq(x, 2), Eq(x, 3)]",[],,
\sin(x) + \cos(x) = 1,"[Eq(x, 0), Eq(x, pi/2)]","[ x = 0, \  x = \frac{\pi}{2}]","[Eq(x, 0), Eq(x, pi/2)]",[],,
\log_2(x) = 3,"[Eq(x, 8)]",[ x = 8],"[Eq(x, 8)]",{x: 8},,
2^x = 16,"[Eq(x, 4)]",[ x = 4],"[Eq(x, 4)]",{x: 4},,
\frac{1}{x+2} = \frac{3}{x-1},"[Eq(x, -7/2)]",[ x = - \frac{7}{2}],"[Eq(x, -7/2)]",{x: -7/2},,
2x - 3 = 5,"[Eq(x, 4)]",[ x = 4],"[Eq(x, 4)]",{x: 4},,
\sqrt{x+2} = 4,"[Eq(x, 14)]",[ x = 14],"[Eq(x, 14)]",{x: 14},,
2x + 3i = 1 - 4i,"[Eq(x, 1/2 - 7*i/2), Eq(i, 1/7 - 2*x/7)]","[ x = \frac{1}{2} - \frac{7 i}{2}, \  i = \frac{1}{7} - \frac{2 x}{7}]","[Eq(7*i + 2*x, 1), Eq(7*i + 2*x, 1)]",{x: 1/2 - 7*i/2},,
2x + y = 5,"[Eq(y, 5 - 2*x), Eq(x, 5/2 - y/2)]","[ y = 5 - 2 x, \  x = \frac{5}{2} - \frac{y}{2}]","[Eq(2*x + y, 5), Eq(2*x + y, 5)]",{x: 5/2 - y/2},,
3x - 2y = 1,"[Eq(x, 2*y/3 + 1/3), Eq(y, 3*x/2 - 1/2)]","[ x = \frac{2 y}{3} + \frac{1}{3}, \  y = \frac{3 x}{2} - \frac{1}{2}]","[Eq(3*x - 2*y, 1), Eq(3*x - 2*y, 1)]",{x: 2*y/3 + 1/3},,
2x + 3 = 7,"[Eq(x, 2)]",[ x = 2],"[Eq(x, 2)]",{x: 2},,
x^3 - 4x^2 + 5x - 2 = 0,"[Eq(x, 1), Eq(x, 2)]","[ x = 1, \  x = 2]","[Eq(x, 1), Eq(x, 2)]",[],,
\frac{a}{b} + \frac{c}{d} = \frac{e}{f},"[Eq(c, -a*d/b + E*d/f), Eq(b, -a*d*f/(c*f - E*d)), Eq(f, E*b*d/(a*d + b*c)), Eq(a, -b*c/d + E*b/f), Eq(d, -b*c*f/(a*f - E*b))]","[ c = - \frac{a d}{b} + \frac{e d}{f}, \  b = - \frac{a d f}{c f - e d}, \  f = \frac{e b d}{a d + b c}, \  a = - \frac{b c}{d} + \frac{e b}{f}, \  d = - \frac{b c f}{a f - e b}]","[Eq(c, -a*d/b + E*d/f), Eq(b, -a*d*f/(c*f - E*d)), Eq(f, E*b*d/(a*d + b*c)), Eq(a, -b*c/d + E*b/f), Eq(d, -b*c*f/(a*f - E*b))]",[],,
\sqrt{16} = 4,"Eq(sqrt(16), 4)",\text{True},True,[],,
z,"Integral(x**2, (x, 0, 1))",\frac{1}{3},"Integral(x**2, (x, 0, 1))",[],,
\sum_{i=1}^{n} i = \frac{n(n+1)}{2},"[Eq(n, -sqrt(8*Sum(i, (i, 1, n)) + 1)/2 - 1/2), Eq(n, sqrt(8*Sum(i, (i, 1, n)) + 1)/2 - 1/2)]","[ n = - \frac{\sqrt{8 \sum_{i=1}^{n} i + 1}}{2} - \frac{1}{2}, \  n = \frac{\sqrt{8 \sum_{i=1}^{n} i + 1}}{2} - \frac{1}{2}]","[Eq(n, -sqrt(4*n**2 + 4*n + 1)/2 - 1/2), Eq(n, sqrt(4*n**2 + 4*n + 1)/2 - 1/2)]",[],,
\lim_{x \to 0} \frac{\sin(x)}{x} = 1,[],[ ],[],[],,
e^{i\pi} + 1 = 0,"[Eq(i, I)]",[ i = i],"[Eq(i, I)]",[],,
F = m \cdot a,a*m,a m,a*m,[],,
,,0.961538461538462,,,,
