Input,Output
"[x + y - 10, x*y + x*z + y*z - 50, x**3 + y**3 + z**3 + 100]","[{x: (5*(1 + sqrt(26))**(1/6) - 5**(1/6)*sqrt(-5*5**(2/3)*(1 + sqrt(26))**(1/3)/(1 - sqrt(3)*I) + 5*sqrt(3)*5**(2/3)*I*(1 + sqrt(26))**(1/3)/(1 - sqrt(3)*I) + 20*sqrt(3)*5**(1/3)*I*(1 + sqrt(26))**(2/3)/(1 - sqrt(3)*I) + 20*5**(1/3)*(1 + sqrt(26))**(2/3)/(1 - sqrt(3)*I) + 200/(1 - sqrt(3)*I)))/(1 + sqrt(26))**(1/6), y: (5*(1 + sqrt(26))**(1/6) + 5**(2/3)*sqrt((-5**(2/3)*(1 + sqrt(26))**(1/3) + 4*5**(1/3)*(1 + sqrt(26))**(2/3) + 40 + sqrt(3)*5**(2/3)*I*(1 + sqrt(26))**(1/3) + 4*sqrt(3)*5**(1/3)*I*(1 + sqrt(26))**(2/3))/(1 - sqrt(3)*I)))/(1 + sqrt(26))**(1/6), z: 2*5**(1/3)*(2*5**(1/3)*I + 5*(1 + sqrt(26))**(1/3)*(sqrt(3) + I) + 2*sqrt(26)*5**(1/3)*I)/((1 + sqrt(26))**(2/3)*(sqrt(3) - I))}, {x: (5*(1 + sqrt(26))**(1/6) + 5**(1/6)*sqrt(-5*5**(2/3)*(1 + sqrt(26))**(1/3)/(1 - sqrt(3)*I) + 5*sqrt(3)*5**(2/3)*I*(1 + sqrt(26))**(1/3)/(1 - sqrt(3)*I) + 20*sqrt(3)*5**(1/3)*I*(1 + sqrt(26))**(2/3)/(1 - sqrt(3)*I) + 20*5**(1/3)*(1 + sqrt(26))**(2/3)/(1 - sqrt(3)*I) + 200/(1 - sqrt(3)*I)))/(1 + sqrt(26))**(1/6), y: (5*(1 + sqrt(26))**(1/6) - 5**(2/3)*sqrt((-5**(2/3)*(1 + sqrt(26))**(1/3) + 4*5**(1/3)*(1 + sqrt(26))**(2/3) + 40 + sqrt(3)*5**(2/3)*I*(1 + sqrt(26))**(1/3) + 4*sqrt(3)*5**(1/3)*I*(1 + sqrt(26))**(2/3))/(1 - sqrt(3)*I)))/(1 + sqrt(26))**(1/6), z: 2*5**(1/3)*(2*5**(1/3)*I + 5*(1 + sqrt(26))**(1/3)*(sqrt(3) + I) + 2*sqrt(26)*5**(1/3)*I)/((1 + sqrt(26))**(2/3)*(sqrt(3) - I))}, {x: (5*(1 + sqrt(26))**(1/6) - 5**(1/6)*sqrt(200/(1 + sqrt(3)*I) - 20*sqrt(3)*5**(1/3)*I*(1 + sqrt(26))**(2/3)/(1 + sqrt(3)*I) + 20*5**(1/3)*(1 + sqrt(26))**(2/3)/(1 + sqrt(3)*I) - 5*sqrt(3)*5**(2/3)*I*(1 + sqrt(26))**(1/3)/(1 + sqrt(3)*I) - 5*5**(2/3)*(1 + sqrt(26))**(1/3)/(1 + sqrt(3)*I)))/(1 + sqrt(26))**(1/6), y: (5*(1 + sqrt(26))**(1/6) + 5**(2/3)*sqrt((-5**(2/3)*(1 + sqrt(26))**(1/3) + 4*5**(1/3)*(1 + sqrt(26))**(2/3) + 40 - 4*sqrt(3)*5**(1/3)*I*(1 + sqrt(26))**(2/3) - sqrt(3)*5**(2/3)*I*(1 + sqrt(26))**(1/3))/(1 + sqrt(3)*I)))/(1 + sqrt(26))**(1/6), z: 2*5**(1/3)*(-2*sqrt(26)*5**(1/3)*I + 5*(1 + sqrt(26))**(1/3)*(sqrt(3) - I) - 2*5**(1/3)*I)/((1 + sqrt(26))**(2/3)*(sqrt(3) + I))}, {x: (5*(1 + sqrt(26))**(1/6) + 5**(1/6)*sqrt(200/(1 + sqrt(3)*I) - 20*sqrt(3)*5**(1/3)*I*(1 + sqrt(26))**(2/3)/(1 + sqrt(3)*I) + 20*5**(1/3)*(1 + sqrt(26))**(2/3)/(1 + sqrt(3)*I) - 5*sqrt(3)*5**(2/3)*I*(1 + sqrt(26))**(1/3)/(1 + sqrt(3)*I) - 5*5**(2/3)*(1 + sqrt(26))**(1/3)/(1 + sqrt(3)*I)))/(1 + sqrt(26))**(1/6), y: (5*(1 + sqrt(26))**(1/6) - 5**(2/3)*sqrt((-5**(2/3)*(1 + sqrt(26))**(1/3) + 4*5**(1/3)*(1 + sqrt(26))**(2/3) + 40 - 4*sqrt(3)*5**(1/3)*I*(1 + sqrt(26))**(2/3) - sqrt(3)*5**(2/3)*I*(1 + sqrt(26))**(1/3))/(1 + sqrt(3)*I)))/(1 + sqrt(26))**(1/6), z: 2*5**(1/3)*(-2*sqrt(26)*5**(1/3)*I + 5*(1 + sqrt(26))**(1/3)*(sqrt(3) - I) - 2*5**(1/3)*I)/((1 + sqrt(26))**(2/3)*(sqrt(3) + I))}, {x: (5*(1 + sqrt(26))**(1/6) - sqrt(5)*I*sqrt(-4*5**(2/3)*(1 + sqrt(26))**(2/3) + 5*(1 + sqrt(26))**(1/3) + 20*5**(1/3)))/(1 + sqrt(26))**(1/6), y: 5 + sqrt(-100*5**(1/3) - 25*(1 + sqrt(26))**(1/3) + 20*5**(2/3)*(1 + sqrt(26))**(2/3))/(1 + sqrt(26))**(1/6), z: 2*5**(1/3)*(-5*(1 + sqrt(26))**(1/3) + 5**(1/3) + sqrt(26)*5**(1/3))/(1 + sqrt(26))**(2/3)}, {x: (5*(1 + sqrt(26))**(1/6) + sqrt(5)*I*sqrt(-4*5**(2/3)*(1 + sqrt(26))**(2/3) + 5*(1 + sqrt(26))**(1/3) + 20*5**(1/3)))/(1 + sqrt(26))**(1/6), y: 5 - sqrt(-100*5**(1/3) - 25*(1 + sqrt(26))**(1/3) + 20*5**(2/3)*(1 + sqrt(26))**(2/3))/(1 + sqrt(26))**(1/6), z: 2*5**(1/3)*(-5*(1 + sqrt(26))**(1/3) + 5**(1/3) + sqrt(26)*5**(1/3))/(1 + sqrt(26))**(2/3)}]"
"[a + b + c - 10, a*b + a*c + b*c - 50, a**2 + b**2 + c**2 - 100]",[]
"[x**2 + y**2 - 10, x*y + 50]","[{x: -5*sqrt(2)*cos(atan(3*sqrt(11))/2) - 5*sqrt(2)*I*sin(atan(3*sqrt(11))/2), y: (-10 + (-5*sqrt(2)*cos(atan(3*sqrt(11))/2) - 5*sqrt(2)*I*sin(atan(3*sqrt(11))/2))**2)*(-5*sqrt(2)*cos(atan(3*sqrt(11))/2) - 5*sqrt(2)*I*sin(atan(3*sqrt(11))/2))/50}, {x: -5*sqrt(2)*cos(atan(3*sqrt(11))/2) + 5*sqrt(2)*I*sin(atan(3*sqrt(11))/2), y: (-10 + (-5*sqrt(2)*cos(atan(3*sqrt(11))/2) + 5*sqrt(2)*I*sin(atan(3*sqrt(11))/2))**2)*(-5*sqrt(2)*cos(atan(3*sqrt(11))/2) + 5*sqrt(2)*I*sin(atan(3*sqrt(11))/2))/50}, {x: 5*sqrt(2)*cos(atan(3*sqrt(11))/2) - 5*sqrt(2)*I*sin(atan(3*sqrt(11))/2), y: (-10 + (5*sqrt(2)*cos(atan(3*sqrt(11))/2) - 5*sqrt(2)*I*sin(atan(3*sqrt(11))/2))**2)*(5*sqrt(2)*cos(atan(3*sqrt(11))/2) - 5*sqrt(2)*I*sin(atan(3*sqrt(11))/2))/50}, {x: 5*sqrt(2)*cos(atan(3*sqrt(11))/2) + 5*sqrt(2)*I*sin(atan(3*sqrt(11))/2), y: (-10 + (5*sqrt(2)*cos(atan(3*sqrt(11))/2) + 5*sqrt(2)*I*sin(atan(3*sqrt(11))/2))**2)*(5*sqrt(2)*cos(atan(3*sqrt(11))/2) + 5*sqrt(2)*I*sin(atan(3*sqrt(11))/2))/50}]"
"[x + 2*y + 3*z + 6, 2*x + 3*y + 4*z - 10, 3*x + 4*y + 5*z - 14]",[]
"[p - q - r - 1*(-1)*s, m + n + o - 7, i + j + k - 1*(-1)*l]","[{i: -j - k - l, n: -m - o + 7, r: p - q + s}]"
"[2*x + 3*y - 8, 4*x - y - 6]","[{x: 13/7, y: 10/7}]"
"[3*a - 1*5*b + 2*c - 12, a + 2*b - 1*4*c - 7, 2*a + 4*b + c - 15]","[{a: 547/99, b: 95/99, c: 1/9}]"
"[x**2 + 3*y - 7, 2*x - y**2 - 1]","[{x: -sqrt(446/(9*(3*sqrt(9249)/4 + 15431/108)**(1/3)) + 28/3 + 2*(3*sqrt(9249)/4 + 15431/108)**(1/3))/2 - sqrt(-2*(3*sqrt(9249)/4 + 15431/108)**(1/3) - 446/(9*(3*sqrt(9249)/4 + 15431/108)**(1/3)) - 36/sqrt(446/(9*(3*sqrt(9249)/4 + 15431/108)**(1/3)) + 28/3 + 2*(3*sqrt(9249)/4 + 15431/108)**(1/3)) + 56/3)/2, y: 7/3 - (-sqrt(446/(9*(3*sqrt(9249)/4 + 15431/108)**(1/3)) + 28/3 + 2*(3*sqrt(9249)/4 + 15431/108)**(1/3))/2 - sqrt(-2*(3*sqrt(9249)/4 + 15431/108)**(1/3) - 446/(9*(3*sqrt(9249)/4 + 15431/108)**(1/3)) - 36/sqrt(446/(9*(3*sqrt(9249)/4 + 15431/108)**(1/3)) + 28/3 + 2*(3*sqrt(9249)/4 + 15431/108)**(1/3)) + 56/3)/2)**2/3}, {x: -sqrt(446/(9*(3*sqrt(9249)/4 + 15431/108)**(1/3)) + 28/3 + 2*(3*sqrt(9249)/4 + 15431/108)**(1/3))/2 + sqrt(-2*(3*sqrt(9249)/4 + 15431/108)**(1/3) - 446/(9*(3*sqrt(9249)/4 + 15431/108)**(1/3)) - 36/sqrt(446/(9*(3*sqrt(9249)/4 + 15431/108)**(1/3)) + 28/3 + 2*(3*sqrt(9249)/4 + 15431/108)**(1/3)) + 56/3)/2, y: 7/3 - (-sqrt(446/(9*(3*sqrt(9249)/4 + 15431/108)**(1/3)) + 28/3 + 2*(3*sqrt(9249)/4 + 15431/108)**(1/3))/2 + sqrt(-2*(3*sqrt(9249)/4 + 15431/108)**(1/3) - 446/(9*(3*sqrt(9249)/4 + 15431/108)**(1/3)) - 36/sqrt(446/(9*(3*sqrt(9249)/4 + 15431/108)**(1/3)) + 28/3 + 2*(3*sqrt(9249)/4 + 15431/108)**(1/3)) + 56/3)/2)**2/3}, {x: -sqrt(-2*(3*sqrt(9249)/4 + 15431/108)**(1/3) - 446/(9*(3*sqrt(9249)/4 + 15431/108)**(1/3)) + 36/sqrt(446/(9*(3*sqrt(9249)/4 + 15431/108)**(1/3)) + 28/3 + 2*(3*sqrt(9249)/4 + 15431/108)**(1/3)) + 56/3)/2 + sqrt(446/(9*(3*sqrt(9249)/4 + 15431/108)**(1/3)) + 28/3 + 2*(3*sqrt(9249)/4 + 15431/108)**(1/3))/2, y: 7/3 - (-sqrt(-2*(3*sqrt(9249)/4 + 15431/108)**(1/3) - 446/(9*(3*sqrt(9249)/4 + 15431/108)**(1/3)) + 36/sqrt(446/(9*(3*sqrt(9249)/4 + 15431/108)**(1/3)) + 28/3 + 2*(3*sqrt(9249)/4 + 15431/108)**(1/3)) + 56/3)/2 + sqrt(446/(9*(3*sqrt(9249)/4 + 15431/108)**(1/3)) + 28/3 + 2*(3*sqrt(9249)/4 + 15431/108)**(1/3))/2)**2/3}, {x: sqrt(-2*(3*sqrt(9249)/4 + 15431/108)**(1/3) - 446/(9*(3*sqrt(9249)/4 + 15431/108)**(1/3)) + 36/sqrt(446/(9*(3*sqrt(9249)/4 + 15431/108)**(1/3)) + 28/3 + 2*(3*sqrt(9249)/4 + 15431/108)**(1/3)) + 56/3)/2 + sqrt(446/(9*(3*sqrt(9249)/4 + 15431/108)**(1/3)) + 28/3 + 2*(3*sqrt(9249)/4 + 15431/108)**(1/3))/2, y: 7/3 - (sqrt(-2*(3*sqrt(9249)/4 + 15431/108)**(1/3) - 446/(9*(3*sqrt(9249)/4 + 15431/108)**(1/3)) + 36/sqrt(446/(9*(3*sqrt(9249)/4 + 15431/108)**(1/3)) + 28/3 + 2*(3*sqrt(9249)/4 + 15431/108)**(1/3)) + 56/3)/2 + sqrt(446/(9*(3*sqrt(9249)/4 + 15431/108)**(1/3)) + 28/3 + 2*(3*sqrt(9249)/4 + 15431/108)**(1/3))/2)**2/3}]"
"[a**2 + b**2 - c**2 - 25, 3*a + 2*b + c**2 - 17, a**2 + 2*b - 1*4*c - 5]",[]
a - b = -c,"[ b = a + c, \  c = - a + b, \  a = b - c]"
( a - b ) ^ { 2 },(a - b)^{2}
x ^ { 2 } + 4 x + 6 = 0,"[ x = -2 - \sqrt{2} i, \  x = -2 + \sqrt{2} i]"
x ^ { 3 } + x ^ { 2 } y + x y ^ { 2 } + y ^ { 3 },x^{3} + x^{2} y + x y^{2} + y^{3}
a x ^ { 2 } + b x + c = 0,"[ b = - a x - \frac{c}{x}, \  x = \frac{- b - \sqrt{- 4 a c + b^{2}}}{2 a}, \  x = \frac{- b + \sqrt{- 4 a c + b^{2}}}{2 a}, \  c = x (- a x - b), \  a = \frac{- b x - c}{x^{2}}]"
\frac { ( x ^ { 2 } - 1 ) } { ( x ^ { 2 } + 1 ) },\frac{x^{2} - 1}{x^{2} + 1}
10 - 9 + 8 - 7 + 6 - 5 + 4 - 3 + 2 - 2,4
\sqrt { ( 3 ^ { 2 } + 4 ^ { 2 } ) },5
\int x ^ { 2 } \sin ^ { 3 } x d x,\frac{x^{2} \cos^{3}{(x)}}{3} - x^{2} \cos{(x)} - \frac{2 x \sin{(x)} \cos^{2}{(x)}}{9} + \frac{14 x \sin{(x)}}{9} - \frac{2 \cos^{3}{(x)}}{27} + \frac{14 \cos{(x)}}{9}
\frac { d } { d x } ( x ^ { 4 } \sin x ),x^{3} (x \cos{(x)} + 4 \sin{(x)})
\cos ( x ) + \frac { 1 } { 2 } \cos ( 2 x ) + \frac { 1 } { 4 } \cos ( 4 x ),\cos{(x)} + \frac{\cos{(2 x)}}{2} + \frac{\cos{(4 x)}}{4}
\sin ( \frac { \pi } { 5 } ),\frac{\sqrt{10 - 2 \sqrt{5}}}{4}
\cot ^ { - 1 } ( x ),\operatorname{acot}{(x)}
\sin ( x + y + z ),\sin{(x + y + z)}
x ^ { 2 } - 2 y ^ { 2 } = 1,"[ x = - \sqrt{2 y^{2} + 1}, \  x = \sqrt{2 y^{2} + 1}, \  y = - \frac{\sqrt{2 x^{2} - 2}}{2}, \  y = \frac{\sqrt{2 x^{2} - 2}}{2}]"
y = \sin ( x ) \times \cos ( 3 x ),\sin{(x)} \cos{(3 x)}
4 ^ { x - 1 } = 4 ^ { 3 },"[ x = 4, \  x = \frac{\ln{(16)} + i \pi}{\ln{(2)}}]"
3 ^ { k - 7 } = 9 ^ { 3 - x },"[ x = \frac{- \ln{(3^{k})} + \ln{(1594323)}}{2 \ln{(3)}}, \  x = \frac{\ln{(- \frac{729 \sqrt{3}}{\sqrt{3^{k}}})}}{\ln{(3)}}, \  k = \frac{\ln{(3^{13 - 2 x})}}{\ln{(3)}}]"
5 ^ { 5 x + 2 } = 30,"[ x = \frac{- \ln{(5)} + \ln{(6)}}{5 \ln{(5)}}, \  x = \frac{\ln{(- \frac{5^{\frac{3}{10}} \cdot \sqrt[5]{6}}{4} - \frac{5^{\frac{4}{5}} \cdot \sqrt[5]{6}}{20} - \frac{2^{\frac{7}{10}} \cdot \sqrt[5]{3} \cdot 5^{\frac{4}{5}} i \sqrt{5 - \sqrt{5}}}{20})}}{\ln{(5)}}, \  x = \frac{\ln{(- \frac{5^{\frac{3}{10}} \cdot \sqrt[5]{6}}{4} - \frac{5^{\frac{4}{5}} \cdot \sqrt[5]{6}}{20} + \frac{2^{\frac{7}{10}} \cdot \sqrt[5]{3} \cdot 5^{\frac{4}{5}} i \sqrt{5 - \sqrt{5}}}{20})}}{\ln{(5)}}, \  x = \frac{\ln{(- \frac{5^{\frac{4}{5}} \cdot \sqrt[5]{6}}{20} + \frac{5^{\frac{3}{10}} \cdot \sqrt[5]{6}}{4} + \frac{2^{\frac{7}{10}} \cdot \sqrt[5]{3} \cdot 5^{\frac{4}{5}} \sqrt{-5 - \sqrt{5}}}{20})}}{\ln{(5)}}, \  x = \frac{\ln{(- \frac{5^{\frac{4}{5}} \cdot \sqrt[5]{6}}{20} + \frac{5^{\frac{3}{10}} \cdot \sqrt[5]{6}}{4} - \frac{2^{\frac{7}{10}} \cdot \sqrt[5]{3} \cdot 5^{\frac{4}{5}} i \sqrt{\sqrt{5} + 5}}{20})}}{\ln{(5)}}]"
x^2 - 3x - 10 = 0,"[ x = -2, \  x = 5]"
\frac{36 a^{12} b^7}{54 a^8 b^{11}},\frac{2 a^{4}}{3 b^{4}}
\frac{3 a}{a^2+a b}-\frac{5 a-3 b^2}{a^2-b^2},\frac{- 2 a + 3 b^{2} - 3 b}{a^{2} - b^{2}}
2x + 3y = 8,"[ x = 4 - \frac{3 y}{2}, \  y = \frac{8}{3} - \frac{2 x}{3}]"
3a - 5b + 2c = 12,"[ b = \frac{3 a}{5} + \frac{2 c}{5} - \frac{12}{5}, \  c = - \frac{3 a}{2} + \frac{5 b}{2} + 6, \  a = \frac{5 b}{3} - \frac{2 c}{3} + 4]"
x^2 + 3y = 7,"[ x = - \sqrt{7 - 3 y}, \  x = \sqrt{7 - 3 y}, \  y = \frac{7}{3} - \frac{x^{2}}{3}]"
a^2 + b^2 - c^2 = 25,"[ b = - \sqrt{- a^{2} + c^{2} + 25}, \  b = \sqrt{- a^{2} + c^{2} + 25}, \  c = - \sqrt{a^{2} + b^{2} - 25}, \  c = \sqrt{a^{2} + b^{2} - 25}, \  a = - \sqrt{- b^{2} + c^{2} + 25}, \  a = \sqrt{- b^{2} + c^{2} + 25}]"
x^2 - 3x - 10 = 0,"[ x = -2, \  x = 5]"
x^2 - 5x + 6 = 0,"[ x = 2, \  x = 3]"
9125 + 1000,10125
1/(1+\sqrt{2}),-1 + \sqrt{2}
\sin(x) + \cos(x) = 1,"[ x = 0, \  x = \frac{\pi}{2}]"
\log_2(x) = 3,[ x = 8]
2^x = 16,[ x = 4]
3x^3 + 2x^2 - 5x + 1 = 0,"[ x = - \frac{2}{9} - \frac{49}{27 (- \frac{1}{2} - \frac{\sqrt{3} i}{2}) \sqrt[3]{\frac{529}{54} + \frac{\sqrt{2355} i}{6}}} - \frac{(- \frac{1}{2} - \frac{\sqrt{3} i}{2}) \sqrt[3]{\frac{529}{54} + \frac{\sqrt{2355} i}{6}}}{3}, \  x = - \frac{2}{9} - \frac{(- \frac{1}{2} + \frac{\sqrt{3} i}{2}) \sqrt[3]{\frac{529}{54} + \frac{\sqrt{2355} i}{6}}}{3} - \frac{49}{27 (- \frac{1}{2} + \frac{\sqrt{3} i}{2}) \sqrt[3]{\frac{529}{54} + \frac{\sqrt{2355} i}{6}}}, \  x = - \frac{2}{9} - \frac{\sqrt[3]{\frac{529}{54} + \frac{\sqrt{2355} i}{6}}}{3} - \frac{49}{27 \sqrt[3]{\frac{529}{54} + \frac{\sqrt{2355} i}{6}}}]"
\frac{1}{x+2} = \frac{3}{x-1},[ x = - \frac{7}{2}]
2x - 3 = 5,[ x = 4]
\sqrt{x+2} = 4,[ x = 14]
2x + 3i = 1 - 4i,"[ i = \frac{1}{7} - \frac{2 x}{7}, \  x = \frac{1}{2} - \frac{7 i}{2}]"
2x + y = 5,"[ x = \frac{5}{2} - \frac{y}{2}, \  y = 5 - 2 x]"
3x - 2y = 1,"[ x = \frac{2 y}{3} + \frac{1}{3}, \  y = \frac{3 x}{2} - \frac{1}{2}]"
2x + 3 = 7,[ x = 2]
x^3 - 4x^2 + 5x - 2 = 0,"[ x = 1, \  x = 2]"
\frac{a}{b} + \frac{c}{d} = \frac{e}{f},"[ c = - \frac{a d}{b} + \frac{e d}{f}, \  d = - \frac{b c f}{a f - e b}, \  a = - \frac{b c}{d} + \frac{e b}{f}, \  b = - \frac{a d f}{c f - e d}, \  f = \frac{e b d}{a d + b c}]"
\sqrt{16} = 4,\text{True}
\int_0^1 x^2 dx,\frac{1}{3}
\sum_{i=1}^{n} i = \frac{n(n+1)}{2},"[ n = - \frac{\sqrt{8 \sum_{i=1}^{n} i + 1}}{2} - \frac{1}{2}, \  n = \frac{\sqrt{8 \sum_{i=1}^{n} i + 1}}{2} - \frac{1}{2}]"
\lim_{x \to 0} \frac{\sin(x)}{x} = 1,[ ]
e^{i\pi} + 1 = 0,[ i = i]
F = m \cdot a,a m
\binom{n}{k} = \frac{n!}{k!(n-k)!},Equation not solvable
"x_{1,2} = \frac{-b \pm \sqrt{b^2 - 4ac}}{2a}",Equation not solvable
\text{Einstein's mass-energy equivalence: } E=mc^2,Equation not solvable
\frac{d^2 \psi}{dx^2} + k^2\psi = 0,Equation not solvable
\frac{dy}{dx} = ky,Equation not solvable
\vec{F} = q(\vec{E} + \vec{v} \times \vec{B}),Equation not solvable
x_{n+1} = rx_n(1 - x_n),Equation not solvable
\oint_C \vec{F} \cdot d\vec{r} = \iint_S (\nabla \times \vec{F}) \cdot d\vec{S},Equation not solvable
\sqrt{\frac{a+b}{c}},Equation not solvable
\sin^2(x) + \cos^2(x) = 1,Equation not solvable
\frac{\partial u}{\partial t} = \alpha \nabla^2 u,Equation not solvable
\left(\frac{a}{b}\right)^3,Equation not solvable
\sum_{k=0}^{n} {n \choose k} a^k (1-a)^{n-k},Equation not solvable
\lim_{x \to \infty} \left(1 + \frac{1}{x}\right)^x = e,Equation not solvable
\frac{d^2\theta}{dt^2} + \frac{g}{l}\sin(\theta) = 0,Equation not solvable
